84eba74d-38ae-4bf6-b8bd-79ffa1dad23a.jpg,2
329d1e69-9595-4a1e-abaf-eab35cb8aafa.jpg,1
0cd147af-86e8-4fe1-9846-b23344c58293.jpg,1
4b653480-a0d5-41e4-b91b-f814cd5289eb.jpg,1
d09513c4-d671-45df-bd78-e2fa08192341.jpg,7
9d355a22-3d59-465e-ad14-138a4e3880bc.jpg,3
74c5e5ef-7c75-4ef0-bed0-26468f5534a8.jpg,8
273fe667-ae47-4b44-bc9a-8682c944e158.jpg,5
9c48e7f3-bd19-4650-acd7-6bfdc1490493.jpg,3
5134e0c2-34d3-40b6-9473-98de8be16c67.jpg,3
df047086-73dc-480a-8de0-5b5d7b0c00b6.jpg,3
cbc423f5-776e-41ba-817b-d108bdc2eec7.jpg,3
513d2809-afbe-4081-aee7-29bf61c6cf5a.jpg,6
f2d069fe-9494-426a-b8ef-dfebe4d3da03.jpg,1
5db94304-23c4-42b2-aa17-6f9669c04071.jpg,8
1912d003-ff59-4585-9eed-58736297051c.jpg,7
f27716c7-c44b-40e0-a754-9c47c50bcc23.jpg,7
